"gene","module"
"SPI1","immune system process"
"PIK3R4","metabolic process"
"COL6A3","cell adhesion"
"HSF1","response to stimulus"
"NFFTE17","immune system process"
"UFLST","immune system process"
"XLM2","metabolic process"
"UGCT","metabolic process"
"TFD6","cell adhesion"
"HMXYE4","cell adhesion"
"HYB12","response to stimulus"
"ENVGJ","response to stimulus"
"CD3E","immune system process"
"PSMB9","immune system process"
"GZMA","immune system process"
"MZB1","immune system process"
"FERMT3","cell adhesion"
"RSF1","cellular component organization"
"QDBN","immune system process"
"DUML","immune system process"
"AATUR","immune system process"
"DSO16","cell adhesion"
"STZA13","cell adhesion"
"SMJ","cell adhesion"
"SBQC","cell adhesion"
"VPPD10","cell adhesion"
"XGI12","cell adhesion"
"NECHE","metabolic process"
"OUPHB","metabolic process"
"EGDY","metabolic process"
"COQBZ9","metabolic process"
"AMUO19","metabolic process"
"AID5","metabolic process"
"RGCG","cellular component organization"
"QRP6","cellular component organization"
"NLJC","cellular component organization"
"HWO","cellular component organization"
"UZXN14","cellular component organization"
"TAE15","cellular component organization"
"TRO","cellular component organization"
"DPY","cellular component organization"
"VGZIQ13","cellular component organization"
"FAQ","response to stimulus"
"QIUJB17","response to stimulus"
"OLPAP","response to stimulus"
"XLH5","response to stimulus"
"YIGOK","response to stimulus"
"GHU","response to stimulus"
"ZXVET","response to stimulus"
